d_within,d_between,d_total
-0.06213735614419454,-0.033186925144071226,-0.09532428128826577
-0.061553975141041245,-0.042427661818955784,-0.10398163695999703
-0.057351492716287686,-0.029449343583400553,-0.08680083629968824
-0.05892048923098235,-0.03419288891720014,-0.09311337814818249
-0.06197864231343798,-0.030076008664309584,-0.09205465097774757
-0.06102864850971125,-0.033685043612780526,-0.09471369212249178
-0.06289314123188142,-0.03908719518453441,-0.10198033641641582
-0.06073338315849236,-0.031611124076075865,-0.09234450723456822
-0.06234610349506174,-0.031197981155248817,-0.09354408465031055
-0.05552621306873279,-0.04519741002123333,-0.10072362308996613
-0.05675540261312746,-0.03532789359914354,-0.09208329621227099
-0.06078387604454558,-0.024560082407319092,-0.08534395845186467
-0.06232211106550088,-0.03589703138599305,-0.09821914245149395
-0.060297127724458596,-0.03925202102211456,-0.09954914874657317
-0.055378136947131,-0.034018210880586826,-0.08939634782771783
-0.05696377501271758,-0.04129284102980837,-0.09825661604252595
-0.06678016061466163,-0.024766598036138645,-0.09154675865080028
-0.06275568469331846,-0.039680970384374736,-0.1024366550776932
-0.05737623122384805,-0.02900530421464817,-0.08638153543849621
-0.06086485297354336,-0.02560923414440071,-0.08647408711794406
-0.06344693910146328,-0.04170111770750979,-0.10514805680897307
-0.06355589031849382,-0.03798776087923063,-0.10154365119772443
-0.06344755467553445,-0.03439558346519565,-0.0978431381407301
-0.060085186663517254,-0.028886775196349544,-0.08897196185986679
-0.06187671995362099,-0.030232851258331642,-0.09210957121195264
-0.06079408157163802,-0.03125286584145855,-0.09204694741309656
-0.060903560025410836,-0.0408312159598527,-0.10173477598526354
-0.058401874729831944,-0.030917419111237368,-0.0893192938410693
-0.06289521196033124,-0.036222173088839786,-0.09911738504917102
-0.06507394452540648,-0.030507548506081894,-0.09558149303148836
-0.06412520426152434,-0.03894608250585317,-0.1030712867673775
-0.05822663853083594,-0.036481013459257014,-0.09470765199009297
-0.060135727892228916,-0.032723998494868844,-0.09285972638709775
-0.06390470276490788,-0.0386793081422997,-0.10258401090720759
-0.05972332494322322,-0.03445863122338308,-0.09418195616660631
-0.0643571267401056,-0.031107410504256687,-0.09546453724436228
-0.06204538282250334,-0.03200438293932993,-0.09404976576183327
-0.055541740121517705,-0.036847017195100584,-0.0923887573166183
-0.058278364824677985,-0.03329157428318863,-0.09156993910786661
-0.05728394948918632,-0.0353919416334001,-0.09267589112258641
-0.05457730324310439,-0.045270126350219105,-0.09984742959332349
-0.06230053148637415,-0.04183515094777088,-0.10413568243414503
-0.06417478563415058,-0.03478847919698602,-0.09896326483113661
-0.05979025965861495,-0.033690029456791504,-0.09348028911540646
-0.05965227630870423,-0.03703823849116249,-0.0966905147998667
-0.05954005764270134,-0.029343556708952293,-0.08888361435165362
-0.06541546024663356,-0.0296808453650684,-0.09509630561170196
-0.0629370681299953,-0.032537197259697365,-0.09547426538969266
-0.06865603443620744,-0.028529187627359807,-0.09718522206356724
-0.06290010447298693,-0.03414067650451742,-0.09704078097750433
-0.060239684589753005,-0.0333898836703936,-0.0936295682601466
-0.06375846206034269,-0.03420109512255971,-0.0979595571829024
-0.06294495723995827,-0.04003423897134907,-0.10297919621130736
-0.06261195520216725,-0.03577778770541304,-0.09838974290758029
-0.06943827969269842,-0.023756993565703877,-0.09319527325840232
-0.06331031753974967,-0.02717539366441212,-0.0904857112041618
-0.05894150592758681,-0.0330679354001391,-0.0920094413277259
-0.06337807235526191,-0.03863104884091976,-0.10200912119618169
-0.06291181653988187,-0.03131488389723884,-0.0942267004371207
-0.057239852119913504,-0.039519862024818296,-0.09675971414473178
-0.06077049875369418,-0.03839648362415633,-0.09916698237785052
-0.0657033242498691,-0.03880484944362485,-0.10450817369349395
-0.06576907890386617,-0.03115584021904833,-0.0969249191229145
-0.05899105926695414,-0.03974583488994664,-0.09873689415690078
-0.0603618540914325,-0.03938404502744158,-0.09974589911887408
-0.06266997148688844,-0.035846459922008515,-0.09851643140889693
-0.06263159016008667,-0.030554959605736336,-0.09318654976582301
-0.05988836310219631,-0.03940640572605637,-0.09929476882825267
-0.06429609943629758,-0.034658158793725184,-0.09895425823002277
-0.06926189343089864,-0.029863205746041493,-0.09912509917694012
-0.058343975370197,-0.031697371991776205,-0.09004134736197322
-0.07232127721961376,-0.02276769629299662,-0.09508897351261036
-0.05661488114933686,-0.03822195321881094,-0.0948368343681478
-0.06482480557988353,-0.034427134035609125,-0.09925193961549267
-0.05607682748644088,-0.039117914794691455,-0.09519474228113232
-0.06322065614281792,-0.026404769407938816,-0.08962542555075675
-0.06830122074095019,-0.03241943248881535,-0.10072065322976555
-0.062224987572807484,-0.032212356727610976,-0.09443734430041847
-0.0637394318559851,-0.03319523166394818,-0.09693466351993328
-0.06463484038822845,-0.02875346056322359,-0.09338830095145202
-0.05869614360585584,-0.03618280467095651,-0.09487894827681234
-0.06936291204986991,-0.02144821599168297,-0.09081112804155288
-0.06202966931195776,-0.04561741641189913,-0.1076470857238569
-0.06186665191007943,-0.02676049946600205,-0.08862715137608149
-0.05808677325741019,-0.039007633391520365,-0.09709440664893057
-0.06459397685816351,-0.03202060382127176,-0.09661458067943526
-0.05932545205411719,-0.03826431975042039,-0.09758977180453758
-0.060324408025785516,-0.03563715160659647,-0.09596155963238198
-0.0604470527081674,-0.035414268791217646,-0.09586132149938506
-0.061182017904833116,-0.038138234784879974,-0.09932025268971308
-0.06037410173535593,-0.038014472335238775,-0.0983885740705947
-0.06214739523209072,-0.03587440946279319,-0.09802180469488392
-0.06196083387075495,-0.04824453840162694,-0.11020537227238189
-0.06062925837652291,-0.030984932862518022,-0.09161419123904094
-0.0621814706148915,-0.0344404236839964,-0.0966218942988879
-0.064085914967985,-0.027282758156874753,-0.09136867312485975
-0.06487092531300193,-0.02879670014853853,-0.09366762546154048
-0.061999255983673146,-0.03048892620865175,-0.0924881821923249
-0.06033245414921629,-0.03383464128233164,-0.09416709543154793
-0.06533457693237477,-0.02744861672788773,-0.09278319366026251
-0.06447341616852055,-0.034747004405506085,-0.09922042057402665
-0.064550586692175,-0.03141348340659507,-0.09596407009877009
-0.06193393454571853,-0.04171201434363822,-0.10364594888935677
-0.06346737076525116,-0.03982474334933335,-0.1032921141145845
-0.06203874591249573,-0.033922067055685456,-0.09596081296818121
-0.06892308733190647,-0.023611664146091893,-0.09253475147799836
-0.06376541779139361,-0.03702489173001197,-0.1007903095214056
-0.05990100709461986,-0.036408950109185746,-0.09630995720380561
-0.06014265729069494,-0.03931258803891464,-0.09945524532960956
-0.0598875874626387,-0.03128963105102664,-0.09117721851366534
-0.0663628924322081,-0.0255788403965758,-0.0919417328287839
-0.06264783338296792,-0.034069182182792784,-0.09671701556576072
-0.06443113780688253,-0.03377833313658151,-0.09820947094346406
-0.06467890834445275,-0.02825284211951926,-0.09293175046397202
-0.0610994906248489,-0.03329027532524166,-0.09438976595009056
-0.06509096615312569,-0.030373586605441896,-0.09546455275856758
-0.06181629783374946,-0.030520266032793442,-0.0923365638665429
-0.057579519049921785,-0.031161776230370586,-0.08874129528029237
-0.06314886280834837,-0.02832129737638484,-0.09147016018473322
-0.06586047307922126,-0.02466332307501197,-0.09052379615423323
-0.06174028734370737,-0.030261514154232033,-0.0920018014979394
-0.06321021670031168,-0.04125774789315271,-0.10446796459346439
-0.06258051227156705,-0.03332764198735606,-0.09590815425892311
-0.05678460459823146,-0.03119245121162234,-0.0879770558098538
-0.06067408330451816,-0.038167464351528714,-0.09884154765604686
-0.06253384198455418,-0.03726396898706279,-0.09979781097161697
-0.0659837936255036,-0.04144940267192039,-0.10743319629742401
-0.05541708792711512,-0.039703506303131214,-0.09512059423024635
-0.059031954926142945,-0.04320324250721519,-0.10223519743335813
-0.058073802447435124,-0.03760103589146641,-0.09567483833890153
-0.06245753125954613,-0.033627786358944534,-0.09608531761849065
-0.05851478984245406,-0.029587483199330605,-0.08810227304178467
-0.061967478898907004,-0.030814360535000643,-0.09278183943390764
-0.05955572201588268,-0.04729673360778171,-0.10685245562366438
-0.06349332864432576,-0.028426078602592535,-0.09191940724691829
-0.061921067468827244,-0.032810299387793965,-0.0947313668566212
-0.06010865056986377,-0.04358497705144771,-0.10369362762131148
-0.06289467727946156,-0.04567803846131623,-0.10857271574077779
-0.06484616706306415,-0.026450020981438272,-0.09129618804450242
-0.05879837007392634,-0.039685802319213426,-0.09848417239313978
-0.05806191646247201,-0.03484331393757494,-0.09290523040004696
-0.06542412347420169,-0.022838247632619442,-0.08826237110682114
-0.06674883198728815,-0.03360145674697465,-0.1003502887342628
-0.0636619309833265,-0.03184085994012388,-0.09550279092345038
-0.059676526033656634,-0.02863690456928683,-0.08831343060294347
-0.057914870495836136,-0.038817935907466954,-0.09673280640330309
-0.05758357607861656,-0.03671847488404859,-0.09430205096266517
-0.06410232334000965,-0.032234015158603205,-0.09633633849861285
-0.05554904042383023,-0.03143885328207056,-0.08698789370590078
-0.06146411905012894,-0.03420898901072782,-0.09567310806085674
-0.06003841970494183,-0.04056609708822929,-0.1006045167931711
-0.06004966077517846,-0.028079308970426403,-0.08812896974560488
-0.06948118839795517,-0.0308424299627709,-0.10032361836072605
-0.06393636633986088,-0.03644498023888157,-0.10038134657874245
-0.06327203132315404,-0.02946588301243655,-0.09273791433559059
-0.05777145379804367,-0.03408882853781798,-0.09186028233586166
-0.062184305622455284,-0.0337402268027196,-0.09592453242517486
-0.06466694729526168,-0.03128662589940501,-0.09595357319466669
-0.06346267679995102,-0.035194388387005525,-0.09865706518695655
-0.06305395710335573,-0.03243822639099558,-0.09549218349435132
-0.0679129847433057,-0.027448822366592848,-0.09536180710989854
-0.06061261329466491,-0.03287730398534254,-0.09348991728000745
-0.07008244709030911,-0.02755768061242049,-0.09764012770272962
-0.059818445637494395,-0.030742620192861243,-0.09056106583035564
-0.06387629952134836,-0.03704537587250868,-0.10092167539385705
-0.05951624793251408,-0.03679592159219765,-0.09631216952471172
-0.061630143125103544,-0.03744307704474349,-0.09907322016984704
-0.06706797765332034,-0.021977245716115652,-0.08904522336943599
-0.060758846682692456,-0.038507915336652584,-0.09926676201934503
-0.06403006574390548,-0.032908291531517336,-0.09693835727542283
-0.06002190179223759,-0.0418491987442673,-0.1018711005365049
-0.055680815863575144,-0.04096038073894623,-0.09664119660252138
-0.05793555363423636,-0.038297475343923554,-0.0962330289781599
-0.06285632866589336,-0.04034687732990404,-0.10320320599579741
-0.07018674676487485,-0.026335858157587676,-0.09652260492246253
-0.05414131803627289,-0.036365785885131265,-0.09050710392140415
-0.061159094984035184,-0.034608455841432184,-0.09576755082546738
-0.06144321467791473,-0.03058042497203149,-0.09202363964994621
-0.05859167437565402,-0.031360703489287385,-0.0899523778649414
-0.06352797515356973,-0.03760062343747338,-0.1011285985910431
-0.06494483817524002,-0.029639849395372234,-0.09458468757061225
-0.057157350761199106,-0.04715065033707257,-0.10430800109827165
-0.06346494029300372,-0.025994056178431417,-0.08945899647143513
-0.06556863431166829,-0.030996429374800273,-0.09656506368646856
-0.058682159596805,-0.03751022221274675,-0.09619238180955175
-0.06208182960600435,-0.031324449425186696,-0.09340627903119103
-0.05406779193826614,-0.03847952741702198,-0.09254731935528811
-0.06128211513857936,-0.03310382556056728,-0.09438594069914663
-0.06109015030224578,-0.034933484400082364,-0.09602363470232814
-0.06276107124348018,-0.03817833450506401,-0.1009394057485442
-0.0680395366577281,-0.019805898355075888,-0.08784543501280401
-0.06598083016380907,-0.03463162839712504,-0.10061245856093412
-0.06257928658081724,-0.03432836859311947,-0.09690765517393671
-0.06428941032046026,-0.03050115522799237,-0.09479056554845262
-0.05869535296016529,-0.04142269073778237,-0.10011804369794766
-0.06273080546727194,-0.03894136295286105,-0.101672168420133
-0.06350472678796637,-0.03226985703166681,-0.09577458381963318
-0.05923454788170385,-0.03381205444484996,-0.09304660232655379
-0.059369141423178146,-0.037204585856858416,-0.09657372728003658
-0.05571303799583657,-0.04904309384890875,-0.10475613184474533
-0.06433467157856411,-0.038348179150951546,-0.10268285072951566
-0.06363122577855973,-0.030163482484719988,-0.09379470826327972
-0.05564705344847283,-0.04201252882801438,-0.09765958227648722
-0.05651288581425049,-0.03517980036212157,-0.09169268617637207
-0.059812903608259804,-0.030385341115927503,-0.0901982447241873
-0.057081464849578024,-0.035561921308820674,-0.0926433861583987
-0.06301245126204164,-0.029368673827908264,-0.09238112508994989
-0.061885446701121775,-0.03723424536803445,-0.09911969206915622
-0.06535760949419739,-0.027298395639455235,-0.09265600513365262
-0.059315416463056436,-0.03292233406687674,-0.09223775052993317
-0.06405448294876115,-0.04781682184080109,-0.11187130478956223
-0.0631060094791939,-0.03627415283254934,-0.09938016231174324
-0.06814109750815692,-0.02933536225559731,-0.09747645976375424
-0.05800199969288153,-0.03763559940490445,-0.09563759909778598
-0.060671570648552595,-0.035085000663020866,-0.09575657131157346
-0.07007262690605158,-0.0275832588042786,-0.09765588571033018
-0.05704036901920996,-0.034769003055689966,-0.09180937207489992
-0.06368447450163617,-0.03391456504033817,-0.09759903954197434
-0.0663043972177574,-0.024552546223779864,-0.09085694344153725
-0.06439053135044472,-0.030325419544146356,-0.09471595089459107
-0.06235806994200481,-0.03233823774665149,-0.0946963076886563
-0.058073513677908084,-0.03192995276642585,-0.09000346644433393
-0.058491477100817243,-0.02982577860352208,-0.08831725570433932
-0.0564216168746008,-0.040796294470857475,-0.09721791134545826
-0.06274652374814754,-0.0325338765859525,-0.09528040033410004
-0.06450883168426504,-0.024739177588431374,-0.08924800927269641
-0.057449942309347586,-0.03911598720447146,-0.09656592951381905
-0.06824552448725707,-0.02649182665964528,-0.09473735114690235
-0.06133589590076384,-0.03711870023050018,-0.09845459613126403
-0.06437614560711549,-0.028967916055261205,-0.09334406166237669
-0.058426625293487945,-0.031086531630555,-0.08951315692404295
-0.05769761163881741,-0.04234245908056228,-0.10004007071937968
-0.05935264526224232,-0.03525196185944736,-0.09460460712168968
-0.06371094517911481,-0.023863698329001936,-0.08757464350811674
-0.06514059121346404,-0.02843405656721559,-0.09357464778067963
-0.057964224915332006,-0.04752749888867227,-0.10549172380400429
-0.06350440132742252,-0.033437839461807985,-0.0969422407892305
-0.06683880405400155,-0.047929049732023,-0.11476785378602455
-0.06411916244095811,-0.036103925888109095,-0.1002230883290672
-0.06669796270863215,-0.03523575766621813,-0.1019337203748503
-0.06681136839719846,-0.029969723509831004,-0.09678109190702948
-0.06167776100889778,-0.0376829459043688,-0.09936070691326658
-0.05765864896563672,-0.04108000633276951,-0.09873865529840622
-0.06064433089052359,-0.03795372709481562,-0.09859805798533922
-0.06018851666607618,-0.03241852828281619,-0.09260704494889238
-0.062605712929923,-0.03498242010059519,-0.09758813303051819
-0.06126676405720161,-0.030520786081802566,-0.09178755013900419
-0.06208847327452854,-0.041034548885085814,-0.10312302215961434
-0.06202942311654723,-0.03314465109518776,-0.09517407421173499
-0.06311593255203529,-0.027963350097507157,-0.09107928264954247
-0.06415471162446415,-0.045014768602094746,-0.10916948022655891
-0.06286185745906028,-0.033915192504590685,-0.09677704996365097
-0.06685299498625266,-0.031237536045063602,-0.09809053103131625
-0.06673290516496147,-0.036045311373543366,-0.10277821653850483
-0.06449753878947692,-0.034833559796132264,-0.09933109858560918
-0.06753447942138807,-0.035250858653934694,-0.10278533807532277
-0.06278532612884308,-0.035763057868314026,-0.09854838399715711
-0.05748428640181236,-0.041380305752996074,-0.09886459215480843
-0.062260644341669356,-0.033637962509471875,-0.09589860685114124
-0.06265783917307839,-0.028781131846539906,-0.0914389710196183
-0.06058795720408631,-0.032883247369341034,-0.09347120457342734
-0.061380222462636344,-0.03282952919265414,-0.0942097516552905
-0.0611692736002191,-0.03759000327787171,-0.09875927687809082
-0.060605512104891235,-0.03821501417460282,-0.09882052627949406
-0.05770425594272938,-0.03600301015569678,-0.09370726609842614
-0.0639565463600888,-0.03001827210039762,-0.09397481846048641
-0.06401129073299022,-0.037097641101453055,-0.10110893183444329
-0.05965219966363392,-0.034069316836696756,-0.09372151650033067
-0.06438690208920315,-0.038721803393093834,-0.103108705482297
-0.060335632897592945,-0.032639857435863104,-0.09297549033345606
-0.06499823671086863,-0.026359190593856528,-0.09135742730472515
-0.06469981619600948,-0.040362543398641496,-0.10506235959465096
-0.057766413120318105,-0.02736289560462809,-0.0851293087249462
-0.060584249061173254,-0.04166523175688037,-0.1022494808180536
-0.057793902737357614,-0.03596824711558068,-0.09376214985293829
-0.06135956457127817,-0.03060507719262949,-0.09196464176390766
-0.06333278511090928,-0.03749472875806026,-0.10082751386896954
-0.06215019569796229,-0.03170946340228618,-0.09385965910024846
-0.057475685251807906,-0.02755947754818256,-0.08503516279999046
-0.057140690966811236,-0.03757399804321478,-0.09471468901002603
-0.06858786958048213,-0.024103823777906142,-0.09269169335838827
-0.06207050211991182,-0.03366235784238994,-0.09573285996230174
-0.06304778243430637,-0.03285386969235844,-0.0959016521266648
-0.06430552315377133,-0.030719295773956316,-0.09502481892772766
-0.059622769058510036,-0.0315708415813601,-0.09119361063987014
-0.06008097330992884,-0.03500207819196032,-0.09508305150188914
-0.059190034375983684,-0.03735384061897465,-0.09654387499495833
-0.05885061344018486,-0.043833337102755235,-0.10268395054294008
-0.06866976189955888,-0.03803234904990535,-0.10670211094946425
-0.06355162318338298,-0.04230974853355832,-0.10586137171694131
-0.06556186354871041,-0.026890919482848157,-0.09245278303155857
-0.05371162077870509,-0.035192550708526414,-0.08890417148723151
-0.0616537113275448,-0.03455288745693744,-0.09620659878448223
-0.0638103947074686,-0.0333433381079218,-0.0971537328153904
-0.05792438827981585,-0.02872561760601496,-0.08665000588583081
-0.06227428995408325,-0.0319976044166453,-0.09427189437072857
-0.060626107789795325,-0.04154534338100524,-0.10217145117080056
-0.06360073204448405,-0.028235503891749714,-0.09183623593623377
-0.061663888584452875,-0.03803154403681913,-0.09969543262127199
-0.06497523687997715,-0.035474732814741124,-0.10044996969471828
-0.05889215755861399,-0.03577774454059302,-0.09466990209920702
-0.05938924042539513,-0.03763180522995521,-0.09702104565535033
-0.06887788267609722,-0.027985489533010204,-0.09686337220910742
-0.05957058958600699,-0.032516091483200366,-0.09208668106920737
-0.057159447839430326,-0.04437968979439513,-0.10153913763382548
-0.05950684160417416,-0.03613963869378106,-0.09564648029795522
-0.05953097762058166,-0.03999213033987374,-0.09952310796045538
-0.06308035245158328,-0.03740361416195334,-0.10048396661353665
-0.054367704738807206,-0.03985314301209138,-0.09422084775089858
-0.06105900600170929,-0.03636433352711871,-0.09742333952882799
-0.06188944877628622,-0.03230824611190291,-0.09419769488818915
-0.06632963272597081,-0.029525569934917225,-0.09585520266088804
-0.060367373627460856,-0.032138023949679545,-0.09250539757714041
-0.05426027840441981,-0.0362362700662242,-0.090496548470644
-0.06643120230308272,-0.026439600119858846,-0.09287080242294159
-0.05947607136808919,-0.03186962855503236,-0.09134569992312154
-0.056713534942241864,-0.039833554072970866,-0.09654708901521272
-0.057207681995544525,-0.03717213056288213,-0.09437981255842666
-0.059631174467658365,-0.03277390498707505,-0.0924050794547334
-0.06486170034403192,-0.024741787686593568,-0.0896034880306255
-0.06426491623600086,-0.040223500655804725,-0.10448841689180559
-0.05920319858246319,-0.04206374071360948,-0.10126693929607267
-0.0607924001572794,-0.041879591465396264,-0.10267199162267568
-0.06310593682180293,-0.03445317500932683,-0.09755911183112975
-0.0628705292886932,-0.033842342625746466,-0.09671287191443965
-0.05996471618717443,-0.02931244506542682,-0.08927716125260127
-0.05923869013372064,-0.04036452578311518,-0.09960321591683582
-0.05946437299068385,-0.0322257262634754,-0.09169009925415925
-0.06815429943904633,-0.029049117087148083,-0.09720341652619442
-0.06103469481445174,-0.03589053506397638,-0.09692522987842814
-0.05658983686427232,-0.040693529278428585,-0.09728336614270092
-0.0652140614941385,-0.027754875978268582,-0.09296893747240707
-0.06143746027547329,-0.033419220970057936,-0.09485668124553123
-0.06396612196989401,-0.040559332001180906,-0.10452545397107493
-0.06884529817407659,-0.03257609969302404,-0.10142139786710062
-0.06365440941785994,-0.03672898636663566,-0.1003833957844956
-0.06486495909740267,-0.03516725883376356,-0.10003221793116623
-0.060609924180918956,-0.03590795112457811,-0.09651787530549708
-0.058722349854761026,-0.04400204962171879,-0.10272439947647984
-0.06306115697772115,-0.032097931613801575,-0.09515908859152272
-0.06238623255509345,-0.030638936985424813,-0.09302516954051827
-0.061509898989037116,-0.03960372835719251,-0.10111362734622963
-0.06787966951566451,-0.02802401388507283,-0.09590368340073734
-0.06544782497682874,-0.029565884087808657,-0.0950137090646374
-0.06230696233209493,-0.03478151464008576,-0.09708847697218069
-0.05563253330439263,-0.03199715271449709,-0.08762968601888971
-0.06130000643634633,-0.03819611768914031,-0.09949612412548664
-0.06573381805289191,-0.02913969121795316,-0.09487350927084508
-0.05541056470326355,-0.04313971910066399,-0.09855028380392755
-0.06332042286901818,-0.032513270010198075,-0.09583369287921625
-0.057700928550847845,-0.037128989757267375,-0.09482991830811523
-0.06444885658354449,-0.03214481415520609,-0.09659367073875058
-0.060757163966590706,-0.04188959308644248,-0.1026467570530332
-0.06513393193915867,-0.026505235344769305,-0.09163916728392799
-0.06087310007938475,-0.0373588501901609,-0.09823195026954566
-0.06639092435340233,-0.028017525671813426,-0.09440845002521575
-0.060892612359021714,-0.03497647349825759,-0.0958690858572793
-0.057504898571223595,-0.030203118434698993,-0.0877080170059226
-0.059487054949755064,-0.03967503838619857,-0.09916209333595363
-0.06136151207519617,-0.045123316299198774,-0.10648482837439494
-0.06107885960570688,-0.03826118555069665,-0.09934004515640352
-0.0634986010794503,-0.031008483773938063,-0.09450708485338834
-0.06270547772785426,-0.03776224400084273,-0.100467721728697
-0.06281120633334554,-0.03510599307703227,-0.09791719941037781
-0.05854494086303474,-0.034626951537900866,-0.0931718924009356
-0.07031172745071068,-0.032316263886506866,-0.10262799133721753
-0.06085886308760682,-0.03635296953730352,-0.09721183262491033
-0.06789822633289641,-0.03360480836428652,-0.10150303469718293
-0.06187692574255172,-0.03520714632307123,-0.097084072065622945
-0.06223454268663917,-0.03353043923571147,-0.09576498192235064
-0.06709664992617358,-0.03162007686604012,-0.09871672679221369
-0.06611587661831546,-0.02740425902945669,-0.09352013564777216
-0.05893453412723375,-0.03554406241677728,-0.09447859654401101
-0.06085218056293956,-0.03335803937942297,-0.09421021994236252
-0.060767787976360885,-0.04568527380909078,-0.10645306178545165
-0.05808518062800606,-0.041382511185310125,-0.09946769181331616
-0.06136123955734876,-0.03346966857337885,-0.09483090813072761
-0.059747205741286995,-0.036688890358244255,-0.09643609609953126
-0.054687501795055896,-0.034084421631265266,-0.08877192342632116
-0.059156490772151675,-0.04213866375077509,-0.10129515452292676
-0.06213975766853281,-0.028863161633615873,-0.0910029193021487
-0.060388448249193635,-0.03368447122128583,-0.09407291947047947
-0.06060603838113341,-0.03390568035456794,-0.09451171873570134
-0.059698176134510714,-0.03701824777799062,-0.09671642391250133
-0.06409161477892532,-0.02215484077861869,-0.08624645555754402
-0.0634616020207706,-0.038933759480356836,-0.10239536150112744
-0.06116559438078523,-0.04123859758066204,-0.10240419196144727
-0.05928302128026763,-0.030249007731015375,-0.08953202901128302
-0.06435567048019165,-0.03652695279629209,-0.10088262327648374
-0.06391569761537749,-0.02407664183824287,-0.08799233945362037
-0.06536696204923387,-0.03295068653709113,-0.09831764858632498
-0.06340473751688452,-0.03414041527221974,-0.09754515278910428
-0.05705108666794572,-0.04716389833683125,-0.10421498500477698
-0.06252325717404714,-0.028974712880715587,-0.09149797005476272
-0.06347467634815188,-0.0426598478702915,-0.10613452421844338
-0.05910227091702762,-0.03636167373479554,-0.09546394465182316
-0.06035969528631037,-0.030534701145843716,-0.09089439643215408
-0.06281280518761637,-0.02630140522304677,-0.08911421041066314
-0.05807065315000973,-0.03229760402205911,-0.09036825717206885
-0.05664647747389378,-0.036743479768942336,-0.09338995724283612
-0.06363798416052592,-0.035792166588002904,-0.09943015074852882
-0.069875506261052725,-0.030737463750286697,-0.10061297001133941
-0.06360029500401133,-0.03160079670456296,-0.09520109170857427
-0.05943495534523637,-0.031650780445193157,-0.09108573579042953
-0.06243415202979169,-0.032906115510629004,-0.09534026754042071
-0.06224831596355881,-0.033170461810649865,-0.09541877777420867
-0.0637294147348822,-0.03288398708016475,-0.09661340181504696
-0.062456238412143504,-0.04120861382488797,-0.10366485223703148
-0.06078622314510872,-0.038130374495990174,-0.0989165976410989
-0.06174245201652565,-0.03006564815172142,-0.09180810016824706
-0.05790761150608083,-0.03856696375723567,-0.0964745752633165
-0.06867718141822773,-0.029634212994555216,-0.09831139441278294
-0.06481485553664793,-0.034824840111920594,-0.09963969564856853
-0.06278986557204368,-0.03556042506328728,-0.09835029063533093
-0.06390504273224527,-0.0290002754913777,-0.09290531822362298
-0.05982482746917472,-0.03401424660300773,-0.09383907407218246
-0.06555676907253398,-0.03632682541366673,-0.10188359448620071
-0.05761113796280508,-0.033281050585443624,-0.0908921885482487
-0.058109178168093696,-0.03251775416025482,-0.09062693232834851
-0.057428343548398056,-0.04352359367044385,-0.10095193721884191
-0.06025403585379455,-0.027587293502503097,-0.08784132935629765
-0.061216963630068205,-0.04599808524197012,-0.10721504887203831
-0.06263696637351013,-0.033965538024772673,-0.09660250439828279
-0.059912990596397805,-0.037345328737223585,-0.09725831933362139
-0.059041241930739966,-0.03658524171744037,-0.09562648364818035
-0.05508737290697487,-0.036642847849367347,-0.09173022075634221
-0.06332769697600425,-0.030216533426757845,-0.09354423040276211
-0.0657988769135533,-0.034243583116347315,-0.10004246002990062
-0.05954566562309308,-0.034721763591982216,-0.09426742921507529
-0.06134183249603963,-0.031239752110070757,-0.09258158460611039
-0.05755186056524398,-0.037760421470606834,-0.09531228203585082
-0.05577076965746343,-0.03353318642940059,-0.089303956086864
-0.05883517620742397,-0.04681686603971689,-0.10565204224714086
-0.06628397685453208,-0.029057963535277537,-0.09534194038980962
-0.06312753671661185,-0.03378332038285673,-0.09691085709946859
-0.056688374374239237,-0.03358029224712753,-0.09026866662136677
-0.06543344905883519,-0.03778872071993411,-0.10322216977876932
-0.06443476653913639,-0.02426853258391726,-0.08870329912305366
-0.06377142286993787,-0.03489067672370205,-0.09866209959363992
-0.06371259801588088,-0.035327103523448505,-0.09903970153932937
-0.06493590998286548,-0.03135062628335547,-0.09628653626622095
-0.06143642856633892,-0.045596233153546994,-0.10703266171988592
-0.058487009815332364,-0.04480672608193047,-0.10329373589726282
-0.06106942584129166,-0.03890995804773382,-0.0999793838890255
-0.06308783588289765,-0.034386984271854826,-0.09747482015475246
-0.055296205768584156,-0.035462643781364725,-0.09075884954994888
-0.05994888213975703,-0.0346277334380409,-0.09457661557779795
-0.06145983356156202,-0.0309482503191971,-0.0924080838807591
-0.05876036849099497,-0.03734857086455792,-0.09610893935555288
-0.06851300065514093,-0.023226706864496946,-0.09173970751963789
-0.0684134545270964,-0.02273463694436078,-0.0911480914714572
-0.06264053950760519,-0.029805086346902255,-0.09244562585450744
-0.0609766633095618,-0.03792965418789687,-0.09890631749745868
-0.05973242949971459,-0.03610972543444523,-0.09584215493415983
-0.0615374877169015,-0.038330238913626566,-0.09986772663052806
-0.06387066929715075,-0.04006418228062268,-0.10393485157777345
-0.05701286827843186,-0.04579025889509554,-0.1028031271735274
-0.0643347207468683,-0.03277963407156456,-0.09711435481843286
-0.06316222982567288,-0.03364511025483202,-0.09680734008050489
-0.0651411007951532,-0.03396507512204882,-0.09910617591720203
-0.06727438434073388,-0.031028170913862355,-0.09830255525459622
-0.06319204099650624,-0.03419881762130711,-0.09739085861781335
-0.06268831816049726,-0.03561718181946806,-0.09830549997996532
-0.06029836509696039,-0.03948977742014198,-0.09978814251710237
-0.06406139740195448,-0.03013510154564118,-0.09419649894759564
-0.06549435520744454,-0.028817533229434575,-0.09431188843687911
-0.06170233621204316,-0.032261426988313545,-0.09396376320035668
-0.06782184487198809,-0.02991463414872746,-0.09773647902071556
-0.06329717301024848,-0.039298120651205255,-0.10259529366145373
-0.0618773225859753,-0.03162496495887781,-0.09350228754485311
-0.06303809379560688,-0.03608739441490223,-0.0991254882105091
-0.05526680552034371,-0.0382404467530852,-0.0935072522734289
-0.05950735857677896,-0.03487927468626174,-0.0943866332630407
-0.06172798333705711,-0.03473771678883296,-0.09646570012589009
-0.06680873580606757,-0.03560232730885331,-0.10241106311492087
-0.06461014260124837,-0.0374319512952441,-0.10204209389649246
-0.06225531961923228,-0.032606312884698875,-0.09486163250393115
-0.057762235869362064,-0.03287033405686836,-0.09063256992623042
-0.06534224384324976,-0.03440948740177575,-0.09975173124502551
-0.06282539282147126,-0.034342946477468446,-0.0971683392989397
-0.05877860808294744,-0.03991780401862907,-0.09869641210157651
-0.06143597374027099,-0.036496084934788287,-0.09793205867505927
-0.06567271699855733,-0.030530463523353115,-0.09620318052191044
-0.06020577327991935,-0.03480028480611861,-0.09500605808603796
-0.06236489986491452,-0.03729449412954297,-0.0996593939944575
-0.0681170982571034,-0.0255225348613077,-0.09363963311841109
-0.06031272026535974,-0.0345871844108426,-0.09489990467620235
-0.06345023379492032,-0.032423697436140236,-0.09587393123106057
-0.06099979661968169,-0.03920154175183217,-0.10020133837151386
-0.0626510019919957,-0.0373307136943483,-0.099981715686344
-0.058618179506893395,-0.029475109116085696,-0.08809328862297908
-0.05861009810413632,-0.039134827109616986,-0.09774492521375332
-0.06737834340216424,-0.027800734628055383,-0.09517907803021963
-0.060201652824659876,-0.034444739145975026,-0.09464639197063489
-0.07258365320675786,-0.016609133204470522,-0.08919278641122841
-0.05823466532650502,-0.04849401360622893,-0.10672867893273397
-0.057147645894931334,-0.043771602991719394,-0.10091924888665073
-0.06041020255094555,-0.03869598828094316,-0.09910619083188872
-0.06091367613980681,-0.04068762730960164,-0.10160130344940846
-0.06087219795345142,-0.03749477404257669,-0.09836697199602812
-0.05873195323160185,-0.03862514319226705,-0.09735709642386892
-0.0600513490016559,-0.03665232509625009,-0.09670367409790599
-0.06160419604774526,-0.031876556650327445,-0.09348075269807271
-0.059731717356773635,-0.03838394683356757,-0.09811566419034119
-0.060563941213607815,-0.04371452602892943,-0.10427846724253725
-0.06842815702839328,-0.029867445082841643,-0.09829560211123492
-0.05957097226077974,-0.04243386872377497,-0.1020048409845547
-0.06317745032842151,-0.03672414854855442,-0.09990159887697594
-0.06923433409754791,-0.026405492308155705,-0.09563982640570362
-0.058389769447843624,-0.04186331146644008,-0.10025308091428371
-0.06153291466048285,-0.03537982077570088,-0.09691273543618371
-0.06536330730572025,-0.02761539485732335,-0.09297870216304359
-0.0623785975885291,-0.028093279765226138,-0.09047187735375523
-0.06376446931146568,-0.04059963912861248,-0.10436410844007818
-0.061287140343962515,-0.026711430149056803,-0.08799857049301932
-0.0669207192292358,-0.04037653449929884,-0.10729725372853463
-0.061183919426053585,-0.027340604052846502,-0.08852452347890008
-0.06311313513106798,-0.032982185019415744,-0.0960953201504837
-0.0585079445038681,-0.03521383378807159,-0.0937217782919397
-0.06083957872480042,-0.035657245592271555,-0.09649682431707199
-0.06261660044474585,-0.038910134949265165,-0.101526735394011
-0.061298972456441586,-0.04389276570455837,-0.10519173816099997
-0.06951745714226996,-0.029766506668057836,-0.0992839638103278
-0.05944270875731374,-0.03825009768320939,-0.09769280644052314
-0.06389019122684605,-0.03906360099859392,-0.10295379222543997
-0.06071168788126078,-0.03963240521586117,-0.10034409309712197
-0.06575830796954019,-0.037153028955489165,-0.10291133692502935
-0.06576390367886062,-0.0398908172602356,-0.10565472093909622
-0.06402755963398238,-0.030633957249266323,-0.0946615168832487
-0.06140367924337435,-0.03826468168972124,-0.09966836093309561
-0.06240503615965334,-0.03507074158434054,-0.09747577774399388
-0.06091511065721234,-0.03669559261795378,-0.0976107032751661
-0.06663815515687638,-0.031247640848035288,-0.09788579600491165
-0.06153776103346307,-0.036490881183511105,-0.09802864221697417
-0.061130379829539803,-0.03678455637061767,-0.09791493620015747
-0.06275516103929152,-0.030642606519018106,-0.09339776755830961
-0.06232369744124669,-0.028946349964605975,-0.09127004740585265
-0.05911164951238914,-0.0406919111736761,-0.09980356068606525
-0.06799938093069291,-0.031168866598962203,-0.09916824752965511
-0.061039612070015965,-0.04142522413835983,-0.1024648362083758
-0.07058918869940059,-0.03320919339762647,-0.10379838209702706
-0.06131512678043074,-0.03963923733123475,-0.1009543641116655
-0.06316581401720324,-0.0313978567020817,-0.09456367071928494
-0.055079984808257924,-0.0430129189565316,-0.09809290376478955
-0.06464676238369887,-0.03536016315309733,-0.10000692553679622
-0.06733896336781334,-0.03319909587013693,-0.10053805923795026
-0.06181954859005336,-0.036694642034547996,-0.09851419062460136
-0.06864880149970708,-0.029200391527347762,-0.09784919302705483
-0.06289353195218525,-0.034892662967842714,-0.09778619492002796
-0.06108150983854023,-0.03764183079386128,-0.09872334063240151
-0.058847466916962195,-0.0397750006944851,-0.0986224676114473
-0.0593971369252577,-0.044561624937203254,-0.10395876186246095
-0.0667453550285104,-0.02291671918320056,-0.08966207421171096
-0.057608527294394724,-0.03162377146869009,-0.0892322987630848
-0.05886433723826563,-0.03452281982005791,-0.09338715705832352
-0.0610428735760221,-0.03440919358260511,-0.09545206715862721
-0.061649817039473816,-0.03688294063707819,-0.09853275767655201
-0.06340493237409266,-0.03051684260441709,-0.093921774978509745
-0.06029269402445583,-0.037836068422419086,-0.09812876244687492
-0.06143055880043557,-0.03116749140354292,-0.09259805020397849
-0.06081329699995071,-0.037335433712720384,-0.0981487307126711
-0.06896875197121859,-0.02708380346203399,-0.09605255543325258
-0.06309654751602768,-0.03927863970671641,-0.1023751872227441
-0.0605397176722705,-0.029003943053325293,-0.08954366072559578
-0.05773393350641454,-0.03289380517032594,-0.09062773867674048
-0.0597031185013659,-0.03646559217571041,-0.09616871067707632
-0.055971859277561764,-0.040457576972661106,-0.09642943625022288
-0.059078228644098146,-0.03946753591081223,-0.09854576455491036
-0.05761292519535784,-0.03738305823819415,-0.09499598343355198
-0.0629657637268585,-0.03521634999794758,-0.09818211372480608
-0.053827093229708946,-0.042766433275241336,-0.09659352650495029
-0.06718437531224561,-0.030346758317486483,-0.09753113362973209
-0.05732536809641869,-0.031361308928849765,-0.08868667702526845
-0.061178048873831076,-0.03187944434393478,-0.09305749321776585
-0.06211717319839602,-0.036835499922805964,-0.09895267312120197
-0.0555958386845975,-0.0387456858841535,-0.09434152456875101
-0.062205065626599665,-0.028201252515743815,-0.0904063181423435
-0.05666898250303708,-0.028070840255355025,-0.08473982275839209
-0.06696773890251898,-0.02746012993663218,-0.09442786883915116
-0.06165538055094792,-0.04128573972830351,-0.10294112027925145
-0.06563339506543837,-0.026280283025442826,-0.0919136780908812
-0.05735398908144333,-0.02991832429196717,-0.08727231337341051
-0.06518175855359819,-0.027579264470475515,-0.09276102302407371
-0.0658621969515421,-0.03231213787713208,-0.0981743348286742
-0.05865518567526586,-0.03888524307524953,-0.09754042875051541
-0.0624265664915967,-0.03170502292337492,-0.0941315894149716
-0.061340506301788944,-0.028949323001728998,-0.090289829303517935
-0.06926225866032737,-0.027302081398940636,-0.096564340059268
-0.06365903646793121,-0.04045791083578304,-0.10411694730371426
-0.059605245428163464,-0.036190656859204945,-0.09579590228736842
-0.05960815049314865,-0.03988381252421181,-0.09949196301736045
-0.06308135860523403,-0.03402530871746641,-0.09710666732270044
-0.061903331623472495,-0.039048859905562366,-0.10095219152903487
-0.06122736837822365,-0.03778937166213258,-0.09901674004035624
-0.0601098695112073,-0.039651255605494075,-0.09976112511670138
-0.06465336116027054,-0.028865490707803046,-0.09351885186807357
-0.05892013911059504,-0.036392512889768906,-0.09531265200036396
-0.06036892898824851,-0.0312005071152648,-0.0915694361035133
-0.06305215871609367,-0.034950004316392023,-0.09800216303248568
-0.05864826889301395,-0.03679427133489603,-0.09544254022790999
-0.05471447607434535,-0.03525625199577263,-0.08997072807011798
-0.06483789848113085,-0.034856140251068375,-0.09969403873219923
-0.058507915622124713,-0.03505588098708129,-0.09356379660920602
-0.05928385689580046,-0.032672933908567375,-0.09195679080436783
-0.06244662794472182,-0.03348839013322524,-0.09593501807794708
-0.06651189968461174,-0.02183607908527907,-0.08834797876989078
-0.06743503707287796,-0.04226375680179062,-0.10969879387466858
-0.057343140812192994,-0.04017734048726026,-0.09752048129945326
-0.060257354368214666,-0.03743284787154429,-0.09769020223975894
-0.06371976030181674,-0.034173002272768135,-0.09789276257458486
-0.06254861881273555,-0.03766172302009922,-0.1002103418328348
-0.0656798913446225,-0.028956137556968787,-0.0946360289015913
-0.05636058772344272,-0.03859238525253533,-0.09495297297597806
-0.060131069594453995,-0.0368166312978137,-0.0969477008922677
-0.05965845732048392,-0.03992714217882394,-0.09958559949930784
-0.06126865818013082,-0.04089339132721776,-0.10216204950734858
-0.06693632395119896,-0.0246102233518735,-0.09154654730307246
-0.06471372047585715,-0.038140635630545344,-0.10285435610640248
-0.057269859283888426,-0.03795133522291295,-0.09522119450680137
-0.06030139892945411,-0.04414625172900869,-0.1044476506584628
-0.06624053301334631,-0.03103631650109175,-0.09727684951443806
-0.05934946658782887,-0.042708695501725166,-0.10205816208955404
-0.061815859627207294,-0.027884291963168252,-0.08970015159037555
-0.06294247466639188,-0.036318183682778095,-0.09926065834917
-0.057011103599405734,-0.041294190121945094,-0.09830529372135083
-0.060230493652188535,-0.03696488512270094,-0.09719537877488948
-0.06041907450653608,-0.03410695816318263,-0.09452603266971872
-0.05927199948638998,-0.03347014855404158,-0.09274214804043156
-0.06979106372977714,-0.026369143710355567,-0.0961602074401327
-0.06281732372828658,-0.029027566178175646,-0.09184488990646221
-0.060596627061508236,-0.03378742319364467,-0.09438405025515291
-0.06211585360480284,-0.03392736446804248,-0.09604321807284533
-0.06253809040689108,-0.03890762535790193,-0.10144571576479303
-0.05792693255272591,-0.03649681025090655,-0.09442374280363246
-0.05515411680688308,-0.03729373689740803,-0.09244785370429111
-0.06059934445755469,-0.03408155524485612,-0.09468089970241081
-0.05929718510557127,-0.03773187788006237,-0.09702906298563363
-0.06292840846536632,-0.03733243568654348,-0.10026084415190979
-0.059486471606222315,-0.03877044972840806,-0.09825692133463038
-0.06133441227498424,-0.02330979111923236,-0.0846442033942166
-0.06203020099231389,-0.039892106825775465,-0.10192230781808936
-0.06070132950869578,-0.031934555591047936,-0.09263588509974371
-0.0583785313679421,-0.045721316867484235,-0.10409984823542634
-0.06170884218943347,-0.042644490513578964,-0.10435333270301243
-0.06478986522671903,-0.029698729542069365,-0.0944885947687884
-0.06153880320893217,-0.03489863072154045,-0.09643743393047262
-0.06067257394175528,-0.035272201472697,-0.09594477541445229
-0.059323030863925784,-0.030512855396529693,-0.08983588626045547
-0.06260378360316154,-0.030204947296125124,-0.09280873089928666
-0.06346839595710771,-0.03101594268032283,-0.09448433863743055
-0.06217072019222245,-0.024245015588101212,-0.08641573578032367
-0.062473097222818005,-0.031242389250417543,-0.09371548647323555
-0.06842411119389577,-0.0317467666645824,-0.10017087785847817
-0.06459115862946094,-0.03216547282703375,-0.096756631456494685
-0.058482343172908104,-0.042944922172497055,-0.10142726534540515
-0.06841396685524151,-0.032483425327563015,-0.10089739218280452
-0.06659274608892408,-0.03437248323456706,-0.10096522932349114
-0.0631275551579587,-0.031232789633731863,-0.09436034479169057
-0.06164715362433135,-0.038152186837116096,-0.09979934046144745
-0.0559798208233033,-0.04533686909777231,-0.10131668992107562
-0.06045146674610393,-0.02788221627776537,-0.08833368302386929
-0.06305651988607144,-0.029297952781453918,-0.09235447266752536
-0.05984418394741103,-0.03943299818402861,-0.09927718213143966
-0.05935222343861418,-0.037996694605176726,-0.09734891804379091
-0.06648436300584529,-0.030753156209738355,-0.09723751921558366
-0.06527687749230361,-0.025495342884258046,-0.09077222037656166
-0.055954559741945215,-0.043492384087226235,-0.09944694382917146
-0.05832556485676135,-0.03786225414882998,-0.09618781900559134
-0.06318600469713435,-0.03373175828588784,-0.0969177629830222
-0.06642498299886182,-0.024884920028587228,-0.09130990302744904
-0.06500443607296164,-0.040915844088657616,-0.10592028016161924
-0.06242697528487306,-0.03547026573790682,-0.09789724102277989
-0.0617141209874207,-0.03299618022687711,-0.0947103012142978
-0.06661353269501247,-0.03010894755574526,-0.09672248025075772
-0.060027545109575614,-0.03177565187336698,-0.0918031969829426
-0.06536109890755641,-0.03380659093245634,-0.09916768984001276
-0.06919871725653749,-0.031214756625797133,-0.10041347388233461
-0.0637803439325108,-0.03852992048415227,-0.10231026441666305
-0.06185455556887466,-0.043198386959207295,-0.10505294252808195
-0.05749745187160642,-0.03717210148721821,-0.09466955335882461
-0.05728247559294239,-0.03674043068565481,-0.09402290627859719
-0.05775187006560516,-0.034989201450322985,-0.09274107151592813
-0.05811890209511376,-0.030951821208003844,-0.08907072330311759
-0.058397589391615885,-0.033142064126123985,-0.09153965351773988
-0.062166233905556395,-0.03569714565584093,-0.09786337956139733
-0.06423779242308969,-0.028141791130700047,-0.09237958355378974
-0.060866670772905564,-0.04151874446286796,-0.10238541523577352
-0.06339761590450152,-0.035419492959310836,-0.09881710886381237
-0.058227085960860056,-0.033694716950502274,-0.09192180291136233
-0.05876693977616148,-0.044194889737185855,-0.10296182951334733
-0.06132072995269964,-0.03892020505536616,-0.1002409350080658
-0.0617952064564384,-0.033418555364479484,-0.09521376182091787
-0.05759509877160878,-0.04197945781114365,-0.09957455658275245
-0.06357730510326759,-0.030574481242505863,-0.09415178634577345
-0.063977808724858,-0.033000208946324286,-0.09697801767118229
-0.05918678475401664,-0.04528891029481498,-0.10447569504883161
-0.06078134460174276,-0.0383601753332893,-0.09914151993503206
-0.0588697284411538,-0.036734656730009356,-0.09560438517116317
-0.06012017780197974,-0.04615021034085483,-0.10627038814283456
-0.062043607970739906,-0.026248842928805832,-0.08829245089954574
-0.06339622369885808,-0.029932799002832286,-0.09332902270169038
-0.059932010676759885,-0.03860286563077216,-0.09853487630753205
-0.06538141761551347,-0.03343752105585231,-0.09881893867136576
-0.06886234594774891,-0.03300419459395099,-0.10186654054169991
-0.06354064120589259,-0.03007473204052023,-0.09361537324641284
-0.062147172210053316,-0.0244650526652477,-0.08661222487530103
-0.06211387762114227,-0.02817908869253449,-0.09029296631367675
-0.060308008476230975,-0.028299008860381766,-0.08860701733661275
-0.058059701740212424,-0.04464375338717644,-0.10270345512738885
-0.06881171711580425,-0.025834698430455817,-0.09464641554626006
-0.06429474861641812,-0.02844645569760632,-0.09274120431402445
-0.06600553076208673,-0.027063227069059566,-0.09306875783114632
-0.06408662169561352,-0.03466209306686225,-0.09874871476247579
-0.060496650546502564,-0.031967323659266494,-0.09246397420576906
-0.06319783465429743,-0.029186704379039183,-0.09238453903333661
-0.06228099966217077,-0.036046755266505345,-0.09832775492867613
-0.06377856731389012,-0.027363089286557674,-0.0911416566004478
-0.0628285227413301,-0.033617068561803916,-0.09644559130313402
-0.06092530205285176,-0.0331436710803715,-0.09406897313322325
-0.059391560692323105,-0.034089471555401235,-0.09348103224772433
-0.06211347742190059,-0.03107850239957543,-0.093191979821476
-0.06976348968712637,-0.025230819325763553,-0.09499430901288994
-0.06403969702355604,-0.029587528592121003,-0.09362722561567705
-0.0612120097116566,-0.040194372471677356,-0.10140638218333395
-0.05833754853639394,-0.03216546500413306,-0.090503013540527
-0.06120882334710479,-0.02753312895001533,-0.08874195229712012
-0.05995115340662928,-0.03323579988646887,-0.09318695329309813
-0.05936595741592878,-0.0360202912816104,-0.0953862486975392
-0.05517336761951931,-0.03515264268556198,-0.09032601030508129
-0.06393179864345765,-0.03449380780666211,-0.09842560645011976
-0.06459500121062542,-0.029801511074533694,-0.09439651228515909
-0.057554304266901536,-0.0380336822597556,-0.09558798652665713
-0.05459794004965592,-0.035527551571400445,-0.09012549162105635
-0.06229288810189921,-0.031179758548302267,-0.09347264665020147
-0.06266520004949305,-0.029856005555020732,-0.09252120560451378
-0.06623004820869,-0.031215748118982853,-0.09744579632767283
-0.055596760509372185,-0.03633576421267723,-0.09193252472204941
-0.059262088284484406,-0.03960538139716588,-0.0988674696816503
-0.0598642514581184,-0.035665130728031,-0.0955293821861494
-0.059200286813893166,-0.03999047576705968,-0.09919076258095286
-0.06347890324642058,-0.04035766063235954,-0.10383656387878014
-0.05854304634601447,-0.02989143373284814,-0.08843448007886259
-0.06398025739775196,-0.03219032218454308,-0.09617057958229502
-0.05640105529469171,-0.03469914550020552,-0.09110020079489722
-0.06731937771166935,-0.031131226505999032,-0.09845060421766838
-0.06352132930209975,-0.025525410067109323,-0.08904673936920907
-0.06553072332598969,-0.02988354451881777,-0.09541426784480747
-0.06262780742764751,-0.030287027914012964,-0.09291483534166048
-0.061589346469715714,-0.03519690200640259,-0.09678624847611829
-0.06145570904824902,-0.029210357274481902,-0.09066606632273091
-0.06394444603403984,-0.03207884594291645,-0.09602329197695628
-0.05564831779491033,-0.035836021591064166,-0.09148433938597447
-0.06574770989648301,-0.029980912526365464,-0.09572862242284846
-0.06359250292180726,-0.024917929981095474,-0.08851043290290275
-0.06185256053186563,-0.03597953791979529,-0.09783209845166092
-0.06022527836496681,-0.03659262060311681,-0.09681789896808363
-0.06415317382715142,-0.03408564028908319,-0.09823881411623461
-0.06171573970877984,-0.029745752424949146,-0.091461492133729
-0.06359177865951668,-0.026418639020186284,-0.09001041767970297
-0.06173638021932623,-0.03428948163332632,-0.09602586185265254
-0.06455994936429818,-0.026769936130139584,-0.09132988549443775
-0.06158771043528982,-0.03623483951277709,-0.09782254994806691
-0.06188077947017493,-0.02657182766161627,-0.08845260713179119
-0.060681149807972214,-0.03150250536012575,-0.09218365516809796
-0.0632584641371309,-0.0318512538613348,-0.09510971799846571
-0.06014508183529494,-0.04365671744495954,-0.10380179928025449
-0.06444008416148023,-0.03330060007721733,-0.09774068423869757
-0.06107411687698977,-0.033958402978346534,-0.09503251985533631
-0.062142221810174966,-0.0345025700828399,-0.09664479189301488
-0.06314035437880106,-0.036950885458053036,-0.10009123983685408
-0.062221320698028805,-0.037087227206352616,-0.09930854790438141
-0.06177323703395955,-0.026592670226965723,-0.08836590726092527
-0.06061655419313088,-0.03543119903849656,-0.09604775323162745
-0.05517592478238829,-0.03512014032888506,-0.09029606511127333
-0.06162284560619215,-0.031234214302235434,-0.09285705990842757
-0.05592807268501078,-0.03371729116328785,-0.08964536384829862
-0.060967802734141645,-0.03368074981397987,-0.09464855254812152
-0.06641940472313426,-0.035350331193998843,-0.10176973591713312
-0.06455460939391679,-0.03250323233703209,-0.09705784173094888
-0.0618902975873942,-0.032507773862865116,-0.0943980714502593
-0.05964118430070557,-0.0379523896545501,-0.09759357395525568
-0.06353658862358183,-0.034505122428682256,-0.09804171105226409
-0.057201760816863484,-0.044142212073434065,-0.10134397289029755
-0.062076998888045645,-0.03248796038553005,-0.0945649592735757
-0.0600177035851688,-0.029687337930016534,-0.08970504151518532
-0.05990488547590636,-0.04065485588538478,-0.10055974136129114
-0.06506466172719563,-0.034197087738172594,-0.09926174946536824
-0.06325648787800908,-0.0338079259612441,-0.09706441383925318
-0.06943143656193954,-0.015406099182495686,-0.08483753574443523
-0.06406326074116797,-0.03548311265322237,-0.09954637339439035
-0.058556506047762726,-0.032617647825080726,-0.09117415387284346
-0.0631506308318536,-0.03743514083846411,-0.10058577167031771
-0.06299530938370831,-0.03418447918294286,-0.09717978856665116
-0.06199254780084387,-0.034409409219316525,-0.0964019570201604
-0.05884205602868009,-0.034803143771022255,-0.09364519979970233
-0.062466439162379685,-0.030392478660630322,-0.09285891782301
-0.062393750368176765,-0.03255708499594083,-0.0949508353641176
-0.06392991040851567,-0.0337513123103783,-0.09768122271889397
-0.05858215955309352,-0.043381944893536674,-0.10196410444663019
-0.06182265986049672,-0.0317774783797733,-0.09360013824027003
-0.06328779659666317,-0.03257154894342527,-0.09585934554008843
-0.06873424103005152,-0.028226054886323414,-0.09696029591637494
-0.05873183857138682,-0.041338892816646704,-0.10007073138803352
-0.05819824434819975,-0.03588087601990328,-0.09407912036810302
-0.06261106384044748,-0.029578692184301297,-0.09218975602474878
-0.0602866728183523,-0.042160225286202765,-0.10244689810455507
-0.0648412028153266,-0.023141123867243752,-0.08798232668257035
-0.05946634403160247,-0.03808217556244163,-0.09754851959404409
-0.06133881546255455,-0.0380993440928275,-0.09943815955538204
-0.05792479154271686,-0.03829996142706916,-0.09622475296978603
-0.06660861650880262,-0.04316262589194235,-0.10977124240074496
-0.06256181156136423,-0.03965760569785318,-0.10221941725921743
-0.06704513557141534,-0.02842063277715135,-0.09546576834856668
-0.060908840883196494,-0.029677901025525862,-0.09058674190872235
-0.07284213076001358,-0.02092733426956006,-0.09376946502957363
-0.05910375219738206,-0.031892450429919256,-0.09099620262730133
-0.05969500665487354,-0.039596690142394815,-0.09929169679726835
-0.06249966398055188,-0.033571611659126935,-0.09607127563967882
-0.05897233466997633,-0.03872395405279784,-0.09769628872277418
-0.05753181648867649,-0.03951334247313718,-0.09704515896181365
-0.060589384299914,-0.036188208264139786,-0.09677759256405377
-0.0607657002029913,-0.03560584927904849,-0.0963715494820398
-0.060625953653860545,-0.03488588285697981,-0.09551183651084036
-0.05670525931631035,-0.032267387548216925,-0.08897264686452727
-0.07069845906713466,-0.025574927247412484,-0.09627338631454715
-0.05973777297260066,-0.029933215025957496,-0.08967098799855816
-0.057760459617412614,-0.03211625840668837,-0.08987671802410098
-0.06254508631935192,-0.03481925476065611,-0.097364341080008035
-0.06070540819577975,-0.036507842908226076,-0.09721325110400582
-0.06309919289100543,-0.042219363900430455,-0.10531855679143588
-0.060710182418993563,-0.03741735117027805,-0.0981275335892716
-0.05626914546295282,-0.03731722106497627,-0.0935863665279291
-0.0639077384355599,-0.04164562558234948,-0.10555336401790937
-0.05641844273479121,-0.03865373608869701,-0.09507217882348823
-0.06161850821659689,-0.0407069256024562,-0.1023254338190531
-0.06225858379986495,-0.03417494598829354,-0.09643352978815847
-0.06285312766113132,-0.032108774499976706,-0.09496190216110803
-0.06353753913609536,-0.03066218613843913,-0.0941997252745345
-0.061942495595505694,-0.03940545681568757,-0.10134795241119328
-0.06206729169610432,-0.03851664996094939,-0.10058394165705371
-0.05621728323419877,-0.03315508985730016,-0.08937237309149895
-0.06175179688537392,-0.040403855904950575,-0.1021556527903245
-0.06825579937451645,-0.03119449856665331,-0.09945029794116976
-0.05956823091637326,-0.04315143818282148,-0.10271966909919476
-0.06153723568852962,-0.03780795591613796,-0.09934519160466757
-0.06236158820915793,-0.03680012563126417,-0.0991617138404221
-0.06944070915713571,-0.02880594650238068,-0.09824665565951639
-0.05920372571979471,-0.03730465771588336,-0.09650838343567805
-0.0610776256824703,-0.028184203722847505,-0.08926182940531782
-0.05734387681067097,-0.047573469310924196,-0.10491734612159517
-0.06348994191711246,-0.03779728096172817,-0.10128722287884064
-0.0689553302888879,-0.024907362876076124,-0.09386269316496401
-0.06592772755516098,-0.026340873130368037,-0.09226860068552903
-0.06091725135673453,-0.0412639316371661,-0.10218118299390064
-0.07046324727227665,-0.027712780896274842,-0.09817602816855149
-0.06991468083843375,-0.0311583921392494,-0.10107307297768314
-0.06448263128164222,-0.03442746137311094,-0.09891009265475316
-0.05880244676450959,-0.04403887401881935,-0.10284132078332894
-0.06175094559335785,-0.034270399684287814,-0.09602134527764565
-0.05846676038511891,-0.03650176255933835,-0.09496852294445725
-0.060340406479356797,-0.04005061701147797,-0.10039102349083479
-0.06643261376773184,-0.03976455052693004,-0.10619716429466189
-0.06188913423970149,-0.036766327094158766,-0.09865546133386027
-0.060544480995750515,-0.04234797481182195,-0.10289245580757249
-0.06592382224926681,-0.03444026499657883,-0.10036408724584565
-0.058807393575094256,-0.037010406398270385,-0.09581779997336463
-0.06295176549517104,-0.033732216917103854,-0.09668398241227488
-0.06328353403636919,-0.027380155592593537,-0.09066368962896273
-0.06461976827595707,-0.03752045902606628,-0.10214022730202335
-0.06615154036306067,-0.021522571959411624,-0.0876741123224723
-0.05687347899193282,-0.038599069057169005,-0.09547254804910184
-0.06654108333022055,-0.031060033366297646,-0.0976011166965182
-0.06128896052768973,-0.03570503953000022,-0.09699400005768995
-0.06196228225146165,-0.0369008505931486,-0.09886313284461024
-0.06124915675018955,-0.04305051470780101,-0.10429967145799057
-0.06122432094260626,-0.028149714219007638,-0.08937403516161388
-0.06731979618239027,-0.03576285407624046,-0.10308265025863075
-0.06593468760760748,-0.028004847381276086,-0.09393953498888358
-0.062466228267473174,-0.0297779087553159,-0.09224413702278908
-0.059064557332784255,-0.046459981092369006,-0.10552453842515326
-0.06167311029693122,-0.0363583712486583,-0.09803148154558952
-0.06338024716028617,-0.037280198465892374,-0.10066044562617854
-0.06577927185356777,-0.027675062411092986,-0.09345433426466077
-0.060054884471695005,-0.03927263560341278,-0.09932752007510778
-0.06188976127318449,-0.0402707140300807,-0.10216047530326519
-0.06494224442661334,-0.03850926715800353,-0.10345151158461688
-0.06064883591596969,-0.03315426103734375,-0.09380309695331343
-0.06238129009369548,-0.030964083172898213,-0.09334537326659369
-0.059106679020794896,-0.04142433774499509,-0.10053101676579
-0.061023932559060724,-0.0324099943871404,-0.09343392694620112
-0.0638004022650806,-0.03274495208348363,-0.09654535434856422
-0.057271435352664955,-0.0382164275810564,-0.09548786293372136
-0.06120153837170331,-0.033226771557720254,-0.09442830992942355
-0.06253897086773676,-0.03161598596653656,-0.0941549568342733
-0.0639120622921363,-0.03753916777551791,-0.10145123006765423
-0.06481860057225766,-0.03176047552759893,-0.0965790760998566
-0.06408562393225514,-0.023880699575560004,-0.08796632350781515
-0.05636057176560156,-0.03506104341970907,-0.09142161518531064
-0.05860269809973364,-0.041577104216608124,-0.10017980231634178
-0.0515644525782798,-0.03259285232387411,-0.08415730490215391
-0.06269365495277338,-0.030881002373248163,-0.09357465732602155
-0.05783997680300596,-0.04096486339742809,-0.09880484020043406
-0.06021240429134337,-0.04574563932446138,-0.10595804361580474
-0.0659547029824357,-0.02687998235718678,-0.0928346853396225
-0.06490399727105742,-0.030249300290772392,-0.09515329756182983
-0.06112576916703455,-0.040401827326536445,-0.10152759649357099
-0.06245715128496227,-0.035914759458945164,-0.09837191074390743
-0.06301085876579016,-0.030940479055293332,-0.0939513378210835
-0.06304684697459263,-0.02591828701362215,-0.08896513398821479
-0.05864333419161814,-0.03594379216917132,-0.09458712636078948
-0.05738501602316502,-0.03457681770946746,-0.09196183373263248
-0.0635916355196264,-0.03377329843324152,-0.09736493395286792
-0.05928797197992509,-0.038257562245183944,-0.09754553422510902
-0.06328007135222433,-0.038981290640028185,-0.10226136199225253
-0.06238035112795855,-0.03658497401199375,-0.09896532513995229
-0.06047889187312843,-0.03675664111017378,-0.0972355329833022
-0.06329075650841148,-0.033379383052915726,-0.09667013956132721
-0.056764805339070065,-0.02976992140239441,-0.08653472674146448
-0.06396775476211193,-0.0250509716734505,-0.08901872643556243
-0.06172091337584447,-0.04027069379218074,-0.10199160716802519
-0.06539832152918912,-0.030028462357736412,-0.09542678388692553
-0.06459297035999323,-0.031640014471275374,-0.09623298483126858
-0.06227260281857147,-0.027346427798913057,-0.08961903061748451
-0.060882651519985155,-0.035982370108911935,-0.09686502162889707
-0.06189301661361492,-0.03366902214892278,-0.09556203876253769
-0.06262535370268922,-0.028742440970229585,-0.09136779467291879
-0.0610766701779621,-0.04118600499950558,-0.10226267517746768
-0.06170058627713349,-0.03579857395150955,-0.09749916022864305
-0.06260434025605745,-0.039409784512829504,-0.10201412476888695
-0.05567577531728468,-0.04223864481089466,-0.09791442012817933
-0.06170101714466133,-0.038434645297890355,-0.10013566244255168
-0.06105577993896478,-0.03367141745602922,-0.094727197394994
-0.06253930302780937,-0.03121914325593429,-0.09375844628374366
-0.06375691490763391,-0.04062363673866501,-0.10438055164629892
-0.05731983853493236,-0.0430123346015108,-0.10033217313644316
-0.06259779272625542,-0.03599916407156381,-0.09859695679781924
-0.06254259710010743,-0.032751108677002955,-0.0952937057771104
-0.061316336528566585,-0.034123346824645975,-0.09543968335321257
-0.06548294704052879,-0.025806462465309737,-0.09128940950583853
-0.06329398452984769,-0.037663753432772985,-0.1009577379626207
-0.06475779522467753,-0.03807645471566322,-0.10283424994034077
-0.06861565486152904,-0.024330814889169942,-0.09294646975069898
-0.055700996055623314,-0.04004711330053831,-0.09574810935616163
-0.06677473435565043,-0.030353778740294504,-0.09712851309594492
-0.06328902087736757,-0.027361476313246605,-0.09065049719061416
-0.0646991813614505,-0.031448114917512315,-0.09614729627896283
-0.05771659142923712,-0.0439188900575118,-0.10163548148674892
-0.059910458700745274,-0.037256670938959006,-0.09716712963970428
-0.06346245500591015,-0.03453502499678733,-0.09799748000269747
-0.06134051090539752,-0.033292609910252895,-0.09463312081565042
-0.07003086175339415,-0.02477467501110648,-0.09480553676450063
-0.05712923567931469,-0.04018940405865527,-0.09731863973796995
-0.06362188180300116,-0.040392998674065234,-0.10401488047706638
-0.06494055377072368,-0.03236340475854162,-0.0973039585292653
-0.06847032596481469,-0.024078037359475137,-0.09254836332428984
-0.06120857078343304,-0.046758746300955605,-0.10796731708438864
-0.05774456835361036,-0.02882962666724199,-0.08657419502085235
-0.06196015374529489,-0.03196566737613776,-0.09392582112143266
-0.06274564094547318,-0.03136236962127867,-0.09410801056675183
-0.059297154040916754,-0.03931849270421954,-0.09861564674513629
-0.06463574072521905,-0.02422739483836638,-0.08886313556358541
-0.06008219072032181,-0.04240932196907686,-0.10249151268939867
-0.06206114315116119,-0.026883402005213906,-0.0889445451563751
-0.06205358153815679,-0.03570909054633947,-0.09776267208449627
-0.06595023873319723,-0.027256682472547193,-0.09320692120574442
-0.058604683591991835,-0.03514426679791949,-0.09374895038991134
-0.060909877206707166,-0.03292611902514761,-0.09383599623185478
-0.06379156845152606,-0.031051947236831686,-0.09484351568835775
-0.06120788712996021,-0.03677945937763338,-0.09798734650759358
-0.059735976804236694,-0.034754782332555745,-0.09449075913679245
-0.060134839840467996,-0.0363927730941366,-0.09652761293460457
-0.05769061554608434,-0.03475194237665752,-0.09244255792274186
-0.05959997209686394,-0.03466160268830469,-0.09426157478516861
-0.06310177375401466,-0.034259297411202844,-0.09736107116521751
-0.06563371193624148,-0.02823387148141992,-0.09386758341766141
-0.06375118663100175,-0.036037995608634736,-0.0997891822396365
-0.06563448342842461,-0.031605731940552405,-0.097240215368977
-0.05842452555112792,-0.038933445430062955,-0.09735797098119087
-0.06644081034466354,-0.03558312462018965,-0.10202393496485318
-0.060625798412534224,-0.039749478956732344,-0.10037527736926657
-0.06166732252564869,-0.028606434655355784,-0.09027375718100447
-0.060543722455986916,-0.0410031387566316,-0.10154686121261851
-0.05850954303869514,-0.03755129628224582,-0.09606083932094095
-0.062011387355024365,-0.03163229405164334,-0.0936436814066677
-0.059782843366617475,-0.03895845171761357,-0.09874129508423103
-0.06118161720334795,-0.02985777125354471,-0.09103938845689266
-0.06094138837868131,-0.027300414228849428,-0.08824180260753074
-0.06148350040948116,-0.02901901191598327,-0.09050251232546443
-0.061345388501228726,-0.04590577170068545,-0.10725116020191419
-0.06292428839331796,-0.028498185389489894,-0.09142247378280785
-0.06531415959069847,-0.026672697359086936,-0.09198685694978541
-0.0661496095698571,-0.029908720179966385,-0.09605832974982349
-0.06232667109431522,-0.025729104305990513,-0.08805577540030574
-0.060335835139587284,-0.03281772443185284,-0.09315355957144011
-0.05858300570955912,-0.03203470872103935,-0.09061771443059849
-0.06354645399267975,-0.04026563504751984,-0.10381208904019959
-0.06232930976669246,-0.03154346150750324,-0.0938727712741957
-0.05590310676282108,-0.03484377863735541,-0.09074688540017647
-0.061580281919571295,-0.030639895097221845,-0.09222017701679314
-0.06090411593709188,-0.029081671589580485,-0.08998578752667238
